{
  "intercept": -2.8423809720877955,
  "coefs": [
    0.5328038237694828,
    -2.392871081812559,
    8.481470181676881
  ],
  "simpleCoef": 0.5275191136213778,
  "simpleInt": 2.4323034546597597,
  "meanEtStart": 0.48950388019296603,
  "meanEtEnd": 0.6568241079217153,
  "trainSize": 192,
  "r2": 0.9726895078689455,
  "mae": 2.4700127462712906
}
